variant,use_l2,case_id,complexity,n_problems,P@5,R@5,F1@5,nDCG@5,MAP,MRR
L1+L2 detection,True,CHILD_004,moderate,3,0.4,0.5,0.4444444444444445,0.35753408824606947,0.6833333333333333,1.0
L1+L2 detection,True,ELDER_002,moderate,7,0.0,0.0,0.0,0.0,0.0,0.0
L1+L2 detection,True,ELDER_009,moderate,4,0.2,1.0,0.33333333333333337,0.6309297535714575,0.5,0.5
L1+L2 detection,True,DISABLED_004,moderate,3,0.0,0.0,0.0,0.0,0.1625,0.125
L1+L2 detection,True,DISABLED_006,moderate,4,0.4,1.0,0.5714285714285715,0.9327783893101107,0.7,1.0
L1+L2 detection,True,HOMELESS_003,simple,4,0.2,1.0,0.33333333333333337,0.6309297535714575,0.5,0.5
L1+L2 detection,True,MENTAL_006,complex,1,0.2,1.0,0.33333333333333337,0.5,0.3333333333333333,0.3333333333333333
L1+L2 detection,True,MENTAL_008,moderate,6,0.0,0.0,0.0,0.0,0.0,0.0
L1+L2 detection,True,MENTAL_009,complex,0,0.0,0.0,0.0,0.0,0.0,0.0
L1+L2 detection,True,SUBSTANCE_003,simple,1,0.0,0.0,0.0,0.0,0.0,0.0
L1+L2 detection,True,NCD_001,simple,1,0.0,0.0,0.0,0.0,0.0,0.0
L1+L2 detection,True,NCD_004,complex,4,0.0,0.0,0.0,0.0,0.125,0.125
L1+L2 detection,True,NCD_008,complex,2,0.0,0.0,0.0,0.0,0.0,0.0
L1+L2 detection,True,HIV_TB_003,simple,1,0.0,0.0,0.0,0.0,0.0,0.0
L1+L2 detection,True,BEDRIDDEN_003,moderate,3,0.2,1.0,0.33333333333333337,1.0,1.0,1.0
L1+L2 detection,True,BEDRIDDEN_004,complex,4,0.2,1.0,0.33333333333333337,1.0,1.0,1.0
L1+L2 detection,True,BEDRIDDEN_008,moderate,3,0.0,0.0,0.0,0.0,0.0,0.0
L1+L2 detection,True,REHAB_002,simple,2,0.2,1.0,0.33333333333333337,1.0,1.0,1.0
L1+L2 detection,True,FINANCE_001,simple,3,0.4,1.0,0.5714285714285715,0.944847956559586,0.75,1.0
L1+L2 detection,True,LOVE_004,simple,1,0.0,0.0,0.0,0.0,0.0,0.0
L1+L2 detection,True,FAMILY_001,moderate,4,0.4,1.0,0.5714285714285715,1.0,1.0,1.0
L1+L2 detection,True,VIOLENCE_004,simple,0,0.0,0.0,0.0,0.0,0.0,0.0
L1+L2 detection,True,CHILD_004_PAR_01,moderate,3,0.4,0.6666666666666666,0.5,0.7653606369886217,0.7777777777777778,1.0
L1+L2 detection,True,DISABLED_004_PAR_01,moderate,2,0.0,0.0,0.0,0.0,0.23095238095238094,0.14285714285714285
L1+L2 detection,True,DISABLED_006_PAR_01,moderate,4,0.4,0.5,0.4444444444444445,0.7520764230169481,0.5041208791208791,1.0
L1+L2 detection,True,MENTAL_008_PAR_01,moderate,7,0.0,0.0,0.0,0.0,0.0,0.0
L1+L2 detection,True,SUBSTANCE_003_PAR_01,simple,1,0.0,0.0,0.0,0.0,0.0,0.0
L1+L2 detection,True,NCD_001_PAR_01,simple,1,0.0,0.0,0.0,0.0,0.0,0.0
L1+L2 detection,True,FINANCE_001_PAR_01,simple,3,0.4,1.0,0.5714285714285715,0.944847956559586,0.75,1.0
L1+L2 detection,True,FAMILY_001_PAR_01,moderate,4,0.4,1.0,0.5714285714285715,1.0,1.0,1.0
L1+L2 detection,True,HOMELESS_003_ESC_01,complex,4,0.4,0.6666666666666666,0.5,0.7653606369886217,0.7575757575757575,1.0
L1+L2 detection,True,ADV_001,moderate,2,0.0,0.0,0.0,0.0,0.0,0.0
L1+L2 detection,True,ADV_002,moderate,4,0.0,0.0,0.0,0.0,0.0,0.0
L1+L2 detection,True,ADV_003,moderate,3,0.0,0.0,0.0,0.0,0.0,0.0
L1+L2 detection,True,ADV_004,moderate,2,0.0,0.0,0.0,0.0,0.0,0.0
L1+L2 detection,True,ADV_005,moderate,1,0.0,0.0,0.0,0.0,0.07692307692307693,0.07692307692307693
L1+L2 detection,True,NEG_SH_POS,moderate,1,0.6,0.75,0.6666666666666665,0.787702056960637,0.775,1.0
L1+L2 detection,True,NEG_SH_NEG,moderate,1,0.0,0.0,0.0,0.0,0.0,0.0
L1+L2 detection,True,NEG_SM_POS,simple,2,0.6,0.75,0.6666666666666665,0.8048099750039491,0.7986111111111112,1.0
L1+L2 detection,True,NEG_SM_NEG,simple,2,0.0,0.0,0.0,0.0,0.0,0.0
L1+L2 detection,True,NEG_SL_POS,simple,2,0.0,0.0,0.0,0.0,0.0,0.0
L1+L2 detection,True,NEG_SL_NEG,simple,1,0.0,0.0,0.0,0.0,0.0,0.0
L1+L2 detection,True,NEG_MH_POS,complex,3,0.6,0.6,0.6,0.811925988329848,0.6922222222222222,1.0
L1+L2 detection,True,NEG_MH_NEG,complex,4,0.0,0.0,0.0,0.0,0.0,0.0
L1+L2 detection,True,NEG_MM_POS,moderate,5,0.0,0.0,0.0,0.0,0.0,0.0
L1+L2 detection,True,NEG_MM_NEG,moderate,6,0.0,0.0,0.0,0.0,0.0,0.0
L1+L2 detection,True,NEG_ML_POS,simple,3,0.0,0.0,0.0,0.0,0.0,0.0
L1+L2 detection,True,NEG_ML_NEG,simple,4,0.0,0.0,0.0,0.0,0.0,0.0
L1+L2 detection,True,NEG_LH_POS,complex,5,0.6,0.75,0.6666666666666665,0.8318724637288826,0.8928571428571428,1.0
L1+L2 detection,True,NEG_LH_NEG,complex,3,0.0,0.0,0.0,0.0,0.0,0.0
L1+L2 detection,True,NEG_LM_POS,complex,6,0.0,0.0,0.0,0.0,0.08333333333333333,0.08333333333333333
L1+L2 detection,True,NEG_LM_NEG,complex,0,0.0,0.0,0.0,0.0,0.0,0.0
L1+L2 detection,True,NEG_LL_POS,simple,4,0.0,0.0,0.0,0.0,0.0,0.0
L1+L2 detection,True,NEG_LL_NEG,simple,5,0.0,0.0,0.0,0.0,0.0,0.0
L1+L2 detection,True,NEG_SH_POS_V2,moderate,1,0.6,0.75,0.6666666666666665,0.8318724637288826,0.85,1.0
L1+L2 detection,True,NEG_SH_NEG_V2,moderate,1,0.0,0.0,0.0,0.0,0.0,0.0
L1+L2 detection,True,NEG_SM_POS_V2,simple,2,0.0,0.0,0.0,0.0,0.0,0.0
L1+L2 detection,True,NEG_SM_NEG_V2,simple,3,0.0,0.0,0.0,0.0,0.0,0.0
L1+L2 detection,True,NEG_SL_POS_V2,simple,0,0.0,0.0,0.0,0.0,0.0,0.0
L1+L2 detection,True,NEG_SL_NEG_V2,simple,0,0.0,0.0,0.0,0.0,0.0,0.0
L1+L2 detection,True,NEG_MH_POS_V2,complex,3,0.0,0.0,0.0,0.0,0.0,0.0
L1+L2 detection,True,NEG_MH_NEG_V2,complex,4,0.0,0.0,0.0,0.0,0.0,0.0
L1+L2 detection,True,NEG_MM_POS_V2,moderate,4,0.0,0.0,0.0,0.0,0.0,0.0
L1+L2 detection,True,NEG_MM_NEG_V2,moderate,2,0.0,0.0,0.0,0.0,0.0,0.0
L1+L2 detection,True,NEG_ML_POS_V2,simple,2,0.0,0.0,0.0,0.0,0.0,0.0
L1+L2 detection,True,NEG_ML_NEG_V2,simple,1,0.0,0.0,0.0,0.0,0.0,0.0
L1+L2 detection,True,NEG_LH_POS_V2,complex,6,0.0,0.0,0.0,0.0,0.07142857142857142,0.07142857142857142
L1+L2 detection,True,NEG_LH_NEG_V2,complex,7,0.0,0.0,0.0,0.0,0.0,0.0
L1+L2 detection,True,NEG_LM_POS_V2,complex,5,0.2,1.0,0.33333333333333337,1.0,1.0,1.0
L1+L2 detection,True,NEG_LM_NEG_V2,complex,3,0.0,0.0,0.0,0.0,0.0,0.0
L1+L2 detection,True,NEG_LL_POS_V2,simple,1,0.0,0.0,0.0,0.0,0.0,0.0
L1+L2 detection,True,NEG_LL_NEG_V2,simple,2,0.0,0.0,0.0,0.0,0.0,0.0
L1+L2 detection,True,SHORT_ELDER_01,simple,3,0.2,1.0,0.33333333333333337,1.0,1.0,1.0
L1+L2 detection,True,SHORT_HOMELESS_01,simple,2,0.2,0.5,0.28571428571428575,0.13770577618809332,0.3333333333333333,0.3333333333333333
L1+L2 detection,True,SHORT_MENTAL_01,simple,2,0.6,1.0,0.7499999999999999,0.8145672023038535,1.0,1.0
L1+L2 detection,True,SHORT_CHILD_01,simple,2,0.8,1.0,0.888888888888889,0.9047172294870751,0.8041666666666667,1.0
L1+L2 detection,True,SHORT_ABUSE_01,simple,3,0.8,1.0,0.888888888888889,0.9558295932317544,0.8875,1.0
L1+L2 detection,True,TINY_ABUSE_01,simple,2,0.4,1.0,0.5714285714285715,0.5012658353418871,0.325,0.25
L1+L2 detection,True,TINY_MENTAL_01,simple,2,0.4,1.0,0.5714285714285715,1.0,1.0,1.0
L1+L2 detection,True,TINY_HOMELESS_01,simple,1,0.0,0.0,0.0,0.0,0.0,0.0
L1+L2 detection,True,ADV_006,moderate,2,0.0,0.0,0.0,0.0,0.0,0.0
L1+L2 detection,True,ADV_007,moderate,2,0.0,0.0,0.0,0.0,0.0,0.0
L1+L2 detection,True,ADV_008,moderate,4,0.0,0.0,0.0,0.0,0.0,0.0
L1+L2 detection,True,ADV_009,moderate,2,0.2,1.0,0.33333333333333337,1.0,1.0,1.0
L1+L2 detection,True,ADV_010,moderate,2,0.0,0.0,0.0,0.0,0.0,0.0
L1+L2 detection,True,ADV_011,moderate,3,0.0,0.0,0.0,0.0,0.0,0.0
L1+L2 detection,True,ADV_012,moderate,5,0.0,0.0,0.0,0.0,0.0,0.0
L1+L2 detection,True,ADV_013,moderate,2,0.0,0.0,0.0,0.0,0.0,0.0
L1+L2 detection,True,ADV_014,moderate,2,0.0,0.0,0.0,0.0,0.0,0.0
L1+L2 detection,True,ADV_015,moderate,3,0.0,0.0,0.0,0.0,0.0,0.0
L1+L2 detection,True,ADV_016,moderate,2,0.0,0.0,0.0,0.0,0.0,0.0
L1+L2 detection,True,ADV_017,moderate,2,0.0,0.0,0.0,0.0,0.0,0.0
L1+L2 detection,True,ADV_018,moderate,4,0.0,0.0,0.0,0.0,0.0,0.0
L1+L2 detection,True,ADV_019,moderate,3,0.0,0.0,0.0,0.0,0.07142857142857142,0.07142857142857142
L1+L2 detection,True,ADV_020,moderate,3,0.0,0.0,0.0,0.0,0.0,0.0
L1-only detection,False,CHILD_004,moderate,4,0.4,0.5,0.4444444444444445,0.35753408824606947,0.6833333333333333,1.0
L1-only detection,False,ELDER_002,moderate,6,0.0,0.0,0.0,0.0,0.0,0.0
L1-only detection,False,ELDER_009,moderate,4,0.2,1.0,0.33333333333333337,0.6309297535714575,0.5,0.5
L1-only detection,False,DISABLED_004,moderate,3,0.0,0.0,0.0,0.0,0.1625,0.125
L1-only detection,False,DISABLED_006,moderate,4,0.4,1.0,0.5714285714285715,0.9327783893101107,0.7,1.0
L1-only detection,False,HOMELESS_003,simple,4,0.2,1.0,0.33333333333333337,0.6309297535714575,0.5,0.5
L1-only detection,False,MENTAL_006,complex,1,0.2,1.0,0.33333333333333337,0.5,0.3333333333333333,0.3333333333333333
L1-only detection,False,MENTAL_008,moderate,6,0.0,0.0,0.0,0.0,0.0,0.0
L1-only detection,False,MENTAL_009,complex,0,0.0,0.0,0.0,0.0,0.0,0.0
L1-only detection,False,SUBSTANCE_003,simple,1,0.0,0.0,0.0,0.0,0.0,0.0
L1-only detection,False,NCD_001,simple,1,0.0,0.0,0.0,0.0,0.0,0.0
L1-only detection,False,NCD_004,complex,4,0.0,0.0,0.0,0.0,0.125,0.125
L1-only detection,False,NCD_008,complex,2,0.0,0.0,0.0,0.0,0.0,0.0
L1-only detection,False,HIV_TB_003,simple,1,0.0,0.0,0.0,0.0,0.0,0.0
L1-only detection,False,BEDRIDDEN_003,moderate,3,0.2,1.0,0.33333333333333337,1.0,1.0,1.0
L1-only detection,False,BEDRIDDEN_004,complex,4,0.2,1.0,0.33333333333333337,1.0,1.0,1.0
L1-only detection,False,BEDRIDDEN_008,moderate,3,0.0,0.0,0.0,0.0,0.0,0.0
L1-only detection,False,REHAB_002,simple,2,0.2,1.0,0.33333333333333337,1.0,1.0,1.0
L1-only detection,False,FINANCE_001,simple,3,0.4,1.0,0.5714285714285715,0.944847956559586,0.75,1.0
L1-only detection,False,LOVE_004,simple,1,0.0,0.0,0.0,0.0,0.0,0.0
L1-only detection,False,FAMILY_001,moderate,4,0.4,1.0,0.5714285714285715,1.0,1.0,1.0
L1-only detection,False,VIOLENCE_004,simple,0,0.0,0.0,0.0,0.0,0.0,0.0
L1-only detection,False,CHILD_004_PAR_01,moderate,4,0.4,0.6666666666666666,0.5,0.7653606369886217,0.7777777777777778,1.0
L1-only detection,False,DISABLED_004_PAR_01,moderate,2,0.0,0.0,0.0,0.0,0.23095238095238094,0.14285714285714285
L1-only detection,False,DISABLED_006_PAR_01,moderate,4,0.4,0.5,0.4444444444444445,0.7520764230169481,0.5041208791208791,1.0
L1-only detection,False,MENTAL_008_PAR_01,moderate,6,0.0,0.0,0.0,0.0,0.0,0.0
L1-only detection,False,SUBSTANCE_003_PAR_01,simple,1,0.0,0.0,0.0,0.0,0.0,0.0
L1-only detection,False,NCD_001_PAR_01,simple,1,0.0,0.0,0.0,0.0,0.0,0.0
L1-only detection,False,FINANCE_001_PAR_01,simple,3,0.4,1.0,0.5714285714285715,0.944847956559586,0.75,1.0
L1-only detection,False,FAMILY_001_PAR_01,moderate,4,0.4,1.0,0.5714285714285715,1.0,1.0,1.0
L1-only detection,False,HOMELESS_003_ESC_01,complex,4,0.4,0.6666666666666666,0.5,0.7653606369886217,0.7575757575757575,1.0
L1-only detection,False,ADV_001,moderate,2,0.0,0.0,0.0,0.0,0.0,0.0
L1-only detection,False,ADV_002,moderate,4,0.0,0.0,0.0,0.0,0.0,0.0
L1-only detection,False,ADV_003,moderate,3,0.0,0.0,0.0,0.0,0.0,0.0
L1-only detection,False,ADV_004,moderate,2,0.0,0.0,0.0,0.0,0.0,0.0
L1-only detection,False,ADV_005,moderate,1,0.0,0.0,0.0,0.0,0.07692307692307693,0.07692307692307693
L1-only detection,False,NEG_SH_POS,moderate,1,0.6,0.75,0.6666666666666665,0.787702056960637,0.775,1.0
L1-only detection,False,NEG_SH_NEG,moderate,1,0.0,0.0,0.0,0.0,0.0,0.0
L1-only detection,False,NEG_SM_POS,simple,2,0.6,0.75,0.6666666666666665,0.8048099750039491,0.7986111111111112,1.0
L1-only detection,False,NEG_SM_NEG,simple,2,0.0,0.0,0.0,0.0,0.0,0.0
L1-only detection,False,NEG_SL_POS,simple,2,0.0,0.0,0.0,0.0,0.0,0.0
L1-only detection,False,NEG_SL_NEG,simple,1,0.0,0.0,0.0,0.0,0.0,0.0
L1-only detection,False,NEG_MH_POS,complex,3,0.6,0.6,0.6,0.811925988329848,0.6922222222222222,1.0
L1-only detection,False,NEG_MH_NEG,complex,5,0.0,0.0,0.0,0.0,0.0,0.0
L1-only detection,False,NEG_MM_POS,moderate,5,0.0,0.0,0.0,0.0,0.0,0.0
L1-only detection,False,NEG_MM_NEG,moderate,6,0.0,0.0,0.0,0.0,0.0,0.0
L1-only detection,False,NEG_ML_POS,simple,3,0.0,0.0,0.0,0.0,0.0,0.0
L1-only detection,False,NEG_ML_NEG,simple,4,0.0,0.0,0.0,0.0,0.0,0.0
L1-only detection,False,NEG_LH_POS,complex,5,0.6,0.75,0.6666666666666665,0.8318724637288826,0.8928571428571428,1.0
L1-only detection,False,NEG_LH_NEG,complex,3,0.0,0.0,0.0,0.0,0.0,0.0
L1-only detection,False,NEG_LM_POS,complex,6,0.0,0.0,0.0,0.0,0.08333333333333333,0.08333333333333333
L1-only detection,False,NEG_LM_NEG,complex,0,0.0,0.0,0.0,0.0,0.0,0.0
L1-only detection,False,NEG_LL_POS,simple,4,0.0,0.0,0.0,0.0,0.0,0.0
L1-only detection,False,NEG_LL_NEG,simple,5,0.0,0.0,0.0,0.0,0.0,0.0
L1-only detection,False,NEG_SH_POS_V2,moderate,1,0.6,0.75,0.6666666666666665,0.8318724637288826,0.85,1.0
L1-only detection,False,NEG_SH_NEG_V2,moderate,1,0.0,0.0,0.0,0.0,0.0,0.0
L1-only detection,False,NEG_SM_POS_V2,simple,2,0.0,0.0,0.0,0.0,0.0,0.0
L1-only detection,False,NEG_SM_NEG_V2,simple,3,0.0,0.0,0.0,0.0,0.0,0.0
L1-only detection,False,NEG_SL_POS_V2,simple,0,0.0,0.0,0.0,0.0,0.0,0.0
L1-only detection,False,NEG_SL_NEG_V2,simple,0,0.0,0.0,0.0,0.0,0.0,0.0
L1-only detection,False,NEG_MH_POS_V2,complex,3,0.0,0.0,0.0,0.0,0.0,0.0
L1-only detection,False,NEG_MH_NEG_V2,complex,4,0.0,0.0,0.0,0.0,0.0,0.0
L1-only detection,False,NEG_MM_POS_V2,moderate,4,0.0,0.0,0.0,0.0,0.0,0.0
L1-only detection,False,NEG_MM_NEG_V2,moderate,2,0.0,0.0,0.0,0.0,0.0,0.0
L1-only detection,False,NEG_ML_POS_V2,simple,2,0.0,0.0,0.0,0.0,0.0,0.0
L1-only detection,False,NEG_ML_NEG_V2,simple,1,0.0,0.0,0.0,0.0,0.0,0.0
L1-only detection,False,NEG_LH_POS_V2,complex,6,0.0,0.0,0.0,0.0,0.06666666666666667,0.06666666666666667
L1-only detection,False,NEG_LH_NEG_V2,complex,7,0.0,0.0,0.0,0.0,0.0,0.0
L1-only detection,False,NEG_LM_POS_V2,complex,4,0.2,1.0,0.33333333333333337,0.5,0.3333333333333333,0.3333333333333333
L1-only detection,False,NEG_LM_NEG_V2,complex,3,0.0,0.0,0.0,0.0,0.0,0.0
L1-only detection,False,NEG_LL_POS_V2,simple,1,0.0,0.0,0.0,0.0,0.0,0.0
L1-only detection,False,NEG_LL_NEG_V2,simple,2,0.0,0.0,0.0,0.0,0.0,0.0
L1-only detection,False,SHORT_ELDER_01,simple,3,0.2,1.0,0.33333333333333337,1.0,1.0,1.0
L1-only detection,False,SHORT_HOMELESS_01,simple,2,0.2,0.5,0.28571428571428575,0.13770577618809332,0.3333333333333333,0.3333333333333333
L1-only detection,False,SHORT_MENTAL_01,simple,2,0.6,1.0,0.7499999999999999,0.8145672023038535,1.0,1.0
L1-only detection,False,SHORT_CHILD_01,simple,2,0.8,1.0,0.888888888888889,0.9047172294870751,0.8041666666666667,1.0
L1-only detection,False,SHORT_ABUSE_01,simple,3,0.8,1.0,0.888888888888889,0.9558295932317544,0.8875,1.0
L1-only detection,False,TINY_ABUSE_01,simple,2,0.4,1.0,0.5714285714285715,0.5012658353418871,0.325,0.25
L1-only detection,False,TINY_MENTAL_01,simple,2,0.4,1.0,0.5714285714285715,1.0,1.0,1.0
L1-only detection,False,TINY_HOMELESS_01,simple,1,0.0,0.0,0.0,0.0,0.0,0.0
L1-only detection,False,ADV_006,moderate,2,0.0,0.0,0.0,0.0,0.0,0.0
L1-only detection,False,ADV_007,moderate,2,0.0,0.0,0.0,0.0,0.0,0.0
L1-only detection,False,ADV_008,moderate,4,0.0,0.0,0.0,0.0,0.0,0.0
L1-only detection,False,ADV_009,moderate,2,0.2,1.0,0.33333333333333337,1.0,1.0,1.0
L1-only detection,False,ADV_010,moderate,2,0.0,0.0,0.0,0.0,0.0,0.0
L1-only detection,False,ADV_011,moderate,3,0.0,0.0,0.0,0.0,0.0,0.0
L1-only detection,False,ADV_012,moderate,4,0.0,0.0,0.0,0.0,0.0,0.0
L1-only detection,False,ADV_013,moderate,2,0.0,0.0,0.0,0.0,0.0,0.0
L1-only detection,False,ADV_014,moderate,2,0.0,0.0,0.0,0.0,0.0,0.0
L1-only detection,False,ADV_015,moderate,3,0.0,0.0,0.0,0.0,0.0,0.0
L1-only detection,False,ADV_016,moderate,2,0.0,0.0,0.0,0.0,0.0,0.0
L1-only detection,False,ADV_017,moderate,2,0.0,0.0,0.0,0.0,0.0,0.0
L1-only detection,False,ADV_018,moderate,4,0.0,0.0,0.0,0.0,0.0,0.0
L1-only detection,False,ADV_019,moderate,3,0.0,0.0,0.0,0.0,0.07142857142857142,0.07142857142857142
L1-only detection,False,ADV_020,moderate,3,0.0,0.0,0.0,0.0,0.0,0.0
